<?xml version="1.0" encoding="utf-8"?>
<feed xmlns="http://www.w3.org/2005/Atom">
  <title>GoofySatoshi&#39;s Blog</title>
  
  <subtitle>生活、技术与阅读</subtitle>
  <link href="https://goofysatoshi.github.io/atom.xml" rel="self"/>
  
  <link href="https://goofysatoshi.github.io/"/>
  <updated>2025-05-03T19:21:12.352Z</updated>
  <id>https://goofysatoshi.github.io/</id>
  
  <author>
    <name>GoofySatoshi</name>
    
  </author>
  
  <generator uri="https://hexo.io/">Hexo</generator>
  
  <entry>
    <title>Hexo 博客文章发布教程</title>
    <link href="https://goofysatoshi.github.io/2025/05/04/Hexo-%E5%8D%9A%E5%AE%A2%E6%96%87%E7%AB%A0%E5%8F%91%E5%B8%83%E6%95%99%E7%A8%8B/"/>
    <id>https://goofysatoshi.github.io/2025/05/04/Hexo-%E5%8D%9A%E5%AE%A2%E6%96%87%E7%AB%A0%E5%8F%91%E5%B8%83%E6%95%99%E7%A8%8B/</id>
    <published>2025-05-03T19:30:00.000Z</published>
    <updated>2025-05-03T19:21:12.352Z</updated>
    
    <content type="html"><![CDATA[<h1 id="Hexo-博客文章发布教程"><a href="#Hexo-博客文章发布教程" class="headerlink" title="Hexo 博客文章发布教程"></a>Hexo 博客文章发布教程</h1><p>本教程将详细介绍如何在 Hexo 博客中创建和发布文章，包括文章的基本结构、常用配置和发布流程。</p><h2 id="创建新文章"><a href="#创建新文章" class="headerlink" title="创建新文章"></a>创建新文章</h2><h3 id="1-使用命令行创建"><a href="#1-使用命令行创建" class="headerlink" title="1. 使用命令行创建"></a>1. 使用命令行创建</h3><p>在博客根目录下，使用以下命令创建新文章：</p><figure class="highlight bash"><table><tr><td class="gutter"><pre><span class="line">1</span><br></pre></td><td class="code"><pre><span class="line">hexo new post <span class="string">&quot;文章标题&quot;</span></span><br></pre></td></tr></table></figure><p>这将在 <code>source/_posts</code> 目录下创建一个新的 Markdown 文件，文件名格式为：<code>年-月-日-文章标题.md</code></p><h3 id="2-手动创建"><a href="#2-手动创建" class="headerlink" title="2. 手动创建"></a>2. 手动创建</h3><p>你也可以直接在 <code>source/_posts</code> 目录下手动创建 Markdown 文件，但需要确保文件名格式正确。</p><h2 id="文章结构"><a href="#文章结构" class="headerlink" title="文章结构"></a>文章结构</h2><p>每篇文章都包含两个主要部分：</p><ol><li><strong>Front-matter</strong>：文章头部配置</li><li><strong>正文内容</strong>：文章主体内容</li></ol><h3 id="Front-matter-配置"><a href="#Front-matter-配置" class="headerlink" title="Front-matter 配置"></a>Front-matter 配置</h3><p>Front-matter 是文章开头的配置部分，使用 <code>---</code> 包裹。常用配置项包括：</p><figure class="highlight yaml"><table><tr><td class="gutter"><pre><span class="line">1</span><br><span class="line">2</span><br><span class="line">3</span><br><span class="line">4</span><br><span class="line">5</span><br><span class="line">6</span><br><span class="line">7</span><br><span class="line">8</span><br><span class="line">9</span><br></pre></td><td class="code"><pre><span class="line"><span class="meta">---</span></span><br><span class="line"><span class="attr">title:</span> <span class="string">文章标题</span></span><br><span class="line"><span class="attr">date:</span> <span class="string">年-月-日</span> <span class="string">时:分:秒</span></span><br><span class="line"><span class="attr">tags:</span></span><br><span class="line">  <span class="bullet">-</span> <span class="string">标签1</span></span><br><span class="line">  <span class="bullet">-</span> <span class="string">标签2</span></span><br><span class="line"><span class="attr">categories:</span> <span class="string">分类</span></span><br><span class="line"><span class="attr">cover:</span> <span class="string">封面图片路径</span></span><br><span class="line"><span class="meta">---</span></span><br></pre></td></tr></table></figure><p>常用配置项说明：</p><ul><li><code>title</code>: 文章标题</li><li><code>date</code>: 文章创建时间</li><li><code>tags</code>: 文章标签，可以设置多个</li><li><code>categories</code>: 文章分类</li><li><code>cover</code>: 文章封面图片</li><li><code>comments</code>: 是否开启评论（默认为 true）</li></ul><h3 id="正文内容"><a href="#正文内容" class="headerlink" title="正文内容"></a>正文内容</h3><p>正文使用 Markdown 语法编写，支持：</p><ul><li>标题</li><li>段落</li><li>列表</li><li>代码块</li><li>图片</li><li>表格</li><li>等等</li></ul><h2 id="本地预览"><a href="#本地预览" class="headerlink" title="本地预览"></a>本地预览</h2><p>在发布文章前，建议先在本地预览：</p><ol><li><p>启动本地服务器：</p><figure class="highlight bash"><table><tr><td class="gutter"><pre><span class="line">1</span><br></pre></td><td class="code"><pre><span class="line">hexo server</span><br></pre></td></tr></table></figure></li><li><p>访问 <a href="http://localhost:4000/">http://localhost:4000</a> 查看效果</p></li></ol><h2 id="发布文章"><a href="#发布文章" class="headerlink" title="发布文章"></a>发布文章</h2><h3 id="1-生成静态文件"><a href="#1-生成静态文件" class="headerlink" title="1. 生成静态文件"></a>1. 生成静态文件</h3><figure class="highlight bash"><table><tr><td class="gutter"><pre><span class="line">1</span><br></pre></td><td class="code"><pre><span class="line">hexo generate</span><br></pre></td></tr></table></figure><h3 id="2-部署到服务器"><a href="#2-部署到服务器" class="headerlink" title="2. 部署到服务器"></a>2. 部署到服务器</h3><figure class="highlight bash"><table><tr><td class="gutter"><pre><span class="line">1</span><br></pre></td><td class="code"><pre><span class="line">hexo deploy</span><br></pre></td></tr></table></figure><h2 id="常用命令总结"><a href="#常用命令总结" class="headerlink" title="常用命令总结"></a>常用命令总结</h2><figure class="highlight bash"><table><tr><td class="gutter"><pre><span class="line">1</span><br><span class="line">2</span><br><span class="line">3</span><br><span class="line">4</span><br><span class="line">5</span><br><span class="line">6</span><br><span class="line">7</span><br><span class="line">8</span><br><span class="line">9</span><br><span class="line">10</span><br><span class="line">11</span><br><span class="line">12</span><br><span class="line">13</span><br><span class="line">14</span><br><span class="line">15</span><br><span class="line">16</span><br><span class="line">17</span><br><span class="line">18</span><br><span class="line">19</span><br><span class="line">20</span><br></pre></td><td class="code"><pre><span class="line"><span class="comment"># 创建新文章</span></span><br><span class="line">hexo new post <span class="string">&quot;文章标题&quot;</span></span><br><span class="line"></span><br><span class="line"><span class="comment"># 创建新页面</span></span><br><span class="line">hexo new page <span class="string">&quot;页面名称&quot;</span></span><br><span class="line"></span><br><span class="line"><span class="comment"># 清理缓存</span></span><br><span class="line">hexo clean</span><br><span class="line"></span><br><span class="line"><span class="comment"># 生成静态文件</span></span><br><span class="line">hexo generate</span><br><span class="line"></span><br><span class="line"><span class="comment"># 启动本地服务器</span></span><br><span class="line">hexo server</span><br><span class="line"></span><br><span class="line"><span class="comment"># 部署到服务器</span></span><br><span class="line">hexo deploy</span><br><span class="line"></span><br><span class="line"><span class="comment"># 一键生成并部署</span></span><br><span class="line">hexo clean &amp;&amp; hexo generate &amp;&amp; hexo deploy</span><br></pre></td></tr></table></figure><h2 id="文章写作建议"><a href="#文章写作建议" class="headerlink" title="文章写作建议"></a>文章写作建议</h2><ol><li><strong>保持结构清晰</strong>：使用合适的标题层级</li><li><strong>添加适当的标签</strong>：便于文章分类和检索</li><li><strong>使用图片</strong>：适当添加图片使文章更生动</li><li><strong>代码格式化</strong>：使用代码块展示代码</li><li><strong>预览检查</strong>：发布前务必预览检查</li></ol><h2 id="常见问题"><a href="#常见问题" class="headerlink" title="常见问题"></a>常见问题</h2><ol><li><p><strong>文章不显示</strong>：</p><ul><li>检查文件名格式是否正确</li><li>确保 Front-matter 格式正确</li><li>尝试清理缓存后重新生成</li></ul></li><li><p><strong>图片不显示</strong>：</p><ul><li>检查图片路径是否正确</li><li>确保图片文件存在</li></ul></li><li><p><strong>格式问题</strong>：</p><ul><li>检查 Markdown 语法是否正确</li><li>确保缩进正确</li></ul></li></ol><h2 id="总结"><a href="#总结" class="headerlink" title="总结"></a>总结</h2><p>通过本教程，你应该已经掌握了在 Hexo 博客中创建和发布文章的基本方法。记住，好的文章不仅需要好的内容，还需要正确的格式和配置。如果你有任何问题，欢迎在评论区留言讨论！ </p>]]></content>
    
    
      
      
    <summary type="html">&lt;h1 id=&quot;Hexo-博客文章发布教程&quot;&gt;&lt;a href=&quot;#Hexo-博客文章发布教程&quot; class=&quot;headerlink&quot; title=&quot;Hexo 博客文章发布教程&quot;&gt;&lt;/a&gt;Hexo 博客文章发布教程&lt;/h1&gt;&lt;p&gt;本教程将详细介绍如何在 Hexo 博客中创建和发布文</summary>
      
    
    
    
    <category term="博客" scheme="https://goofysatoshi.github.io/categories/%E5%8D%9A%E5%AE%A2/"/>
    
    <category term="教程" scheme="https://goofysatoshi.github.io/categories/%E5%8D%9A%E5%AE%A2/%E6%95%99%E7%A8%8B/"/>
    
    
    <category term="教程" scheme="https://goofysatoshi.github.io/tags/%E6%95%99%E7%A8%8B/"/>
    
    <category term="工具" scheme="https://goofysatoshi.github.io/tags/%E5%B7%A5%E5%85%B7/"/>
    
    <category term="Hexo" scheme="https://goofysatoshi.github.io/tags/Hexo/"/>
    
    <category term="博客" scheme="https://goofysatoshi.github.io/tags/%E5%8D%9A%E5%AE%A2/"/>
    
  </entry>
  
  <entry>
    <title>Markdown 使用教程</title>
    <link href="https://goofysatoshi.github.io/2025/05/04/Markdown-%E4%BD%BF%E7%94%A8%E6%95%99%E7%A8%8B/"/>
    <id>https://goofysatoshi.github.io/2025/05/04/Markdown-%E4%BD%BF%E7%94%A8%E6%95%99%E7%A8%8B/</id>
    <published>2025-05-03T19:20:00.000Z</published>
    <updated>2025-05-03T19:21:06.829Z</updated>
    
    <content type="html"><![CDATA[<h1 id="Markdown-使用教程"><a href="#Markdown-使用教程" class="headerlink" title="Markdown 使用教程"></a>Markdown 使用教程</h1><p>Markdown 是一种轻量级标记语言，创始人为约翰·格鲁伯（John Gruber）。它允许人们使用易读易写的纯文本格式编写文档，然后转换成有效的 HTML 文档。由于其易读性、易写性及格式转换的便利性，Markdown 被广泛用于博客、文档编写等领域。</p><h2 id="基本语法"><a href="#基本语法" class="headerlink" title="基本语法"></a>基本语法</h2><h3 id="1-标题"><a href="#1-标题" class="headerlink" title="1. 标题"></a>1. 标题</h3><p>使用 <code>#</code> 号可表示 1-6 级标题，一级标题对应一个 <code>#</code> 号，二级标题对应两个 <code>#</code> 号，以此类推。</p><figure class="highlight markdown"><table><tr><td class="gutter"><pre><span class="line">1</span><br><span class="line">2</span><br><span class="line">3</span><br><span class="line">4</span><br><span class="line">5</span><br><span class="line">6</span><br></pre></td><td class="code"><pre><span class="line"><span class="section"># 一级标题</span></span><br><span class="line"><span class="section">## 二级标题</span></span><br><span class="line"><span class="section">### 三级标题</span></span><br><span class="line"><span class="section">#### 四级标题</span></span><br><span class="line"><span class="section">##### 五级标题</span></span><br><span class="line"><span class="section">###### 六级标题</span></span><br></pre></td></tr></table></figure><h3 id="2-段落和换行"><a href="#2-段落和换行" class="headerlink" title="2. 段落和换行"></a>2. 段落和换行</h3><p>段落的前后要有空行，所谓的空行是指没有内容的行。若想在段内强制换行的方式是使用两个以上空格加上回车。</p><figure class="highlight markdown"><table><tr><td class="gutter"><pre><span class="line">1</span><br><span class="line">2</span><br><span class="line">3</span><br><span class="line">4</span><br></pre></td><td class="code"><pre><span class="line">这是第一段。</span><br><span class="line"></span><br><span class="line">这是第二段，  </span><br><span class="line">这里强制换行。</span><br></pre></td></tr></table></figure><h3 id="3-强调"><a href="#3-强调" class="headerlink" title="3. 强调"></a>3. 强调</h3><p>使用 <code>*</code> 或 <code>_</code> 包裹文本可以表示强调：</p><figure class="highlight markdown"><table><tr><td class="gutter"><pre><span class="line">1</span><br><span class="line">2</span><br><span class="line">3</span><br><span class="line">4</span><br><span class="line">5</span><br><span class="line">6</span><br><span class="line">7</span><br><span class="line">8</span><br></pre></td><td class="code"><pre><span class="line"><span class="emphasis">*斜体文本*</span></span><br><span class="line"><span class="emphasis">_斜体文本_</span></span><br><span class="line"></span><br><span class="line"><span class="strong">**粗体文本**</span></span><br><span class="line"><span class="strong">__粗体文本__</span></span><br><span class="line"></span><br><span class="line"><span class="strong">**<span class="emphasis">*粗斜体文本*</span>**</span></span><br><span class="line"><span class="strong">__<span class="emphasis">_粗斜体文本_</span>__</span></span><br></pre></td></tr></table></figure><h3 id="4-列表"><a href="#4-列表" class="headerlink" title="4. 列表"></a>4. 列表</h3><h4 id="无序列表"><a href="#无序列表" class="headerlink" title="无序列表"></a>无序列表</h4><p>使用 <code>-</code>、<code>+</code> 或 <code>*</code> 标记无序列表：</p><figure class="highlight markdown"><table><tr><td class="gutter"><pre><span class="line">1</span><br><span class="line">2</span><br><span class="line">3</span><br><span class="line">4</span><br><span class="line">5</span><br><span class="line">6</span><br><span class="line">7</span><br><span class="line">8</span><br><span class="line">9</span><br><span class="line">10</span><br><span class="line">11</span><br></pre></td><td class="code"><pre><span class="line"><span class="bullet">-</span> 第一项</span><br><span class="line"><span class="bullet">-</span> 第二项</span><br><span class="line"><span class="bullet">-</span> 第三项</span><br><span class="line"></span><br><span class="line"><span class="bullet">*</span> 第一项</span><br><span class="line"><span class="bullet">*</span> 第二项</span><br><span class="line"><span class="bullet">*</span> 第三项</span><br><span class="line"></span><br><span class="line"><span class="bullet">+</span> 第一项</span><br><span class="line"><span class="bullet">+</span> 第二项</span><br><span class="line"><span class="bullet">+</span> 第三项</span><br></pre></td></tr></table></figure><h4 id="有序列表"><a href="#有序列表" class="headerlink" title="有序列表"></a>有序列表</h4><p>使用数字加点标记有序列表：</p><figure class="highlight markdown"><table><tr><td class="gutter"><pre><span class="line">1</span><br><span class="line">2</span><br><span class="line">3</span><br></pre></td><td class="code"><pre><span class="line"><span class="bullet">1.</span> 第一项</span><br><span class="line"><span class="bullet">2.</span> 第二项</span><br><span class="line"><span class="bullet">3.</span> 第三项</span><br></pre></td></tr></table></figure><h3 id="5-引用"><a href="#5-引用" class="headerlink" title="5. 引用"></a>5. 引用</h3><p>使用 <code>&gt;</code> 标记引用：</p><figure class="highlight markdown"><table><tr><td class="gutter"><pre><span class="line">1</span><br><span class="line">2</span><br><span class="line">3</span><br></pre></td><td class="code"><pre><span class="line"><span class="quote">&gt; 这是引用的内容</span></span><br><span class="line"><span class="quote">&gt; </span></span><br><span class="line"><span class="quote">&gt; 这是第二行引用</span></span><br></pre></td></tr></table></figure><h3 id="6-代码"><a href="#6-代码" class="headerlink" title="6. 代码"></a>6. 代码</h3><h4 id="行内代码"><a href="#行内代码" class="headerlink" title="行内代码"></a>行内代码</h4><p>使用反引号 <code>`</code> 包裹代码：</p><figure class="highlight markdown"><table><tr><td class="gutter"><pre><span class="line">1</span><br></pre></td><td class="code"><pre><span class="line">使用 <span class="code">`print()`</span> 函数输出内容</span><br></pre></td></tr></table></figure><h4 id="代码块"><a href="#代码块" class="headerlink" title="代码块"></a>代码块</h4><p>使用三个反引号 &#96;&#96;&#96; 包裹代码块，并指定语言：</p><figure class="highlight markdown"><table><tr><td class="gutter"><pre><span class="line">1</span><br><span class="line">2</span><br><span class="line">3</span><br></pre></td><td class="code"><pre><span class="line"><span class="code">```python</span></span><br><span class="line"><span class="code">def hello():</span></span><br><span class="line"><span class="code">    print(&quot;Hello, World!&quot;)</span></span><br></pre></td></tr></table></figure><figure class="highlight plaintext"><table><tr><td class="gutter"><pre><span class="line">1</span><br><span class="line">2</span><br><span class="line">3</span><br><span class="line">4</span><br><span class="line">5</span><br><span class="line">6</span><br><span class="line">7</span><br><span class="line">8</span><br></pre></td><td class="code"><pre><span class="line"></span><br><span class="line">### 7. 链接和图片</span><br><span class="line"></span><br><span class="line">#### 链接</span><br><span class="line"></span><br><span class="line">```markdown</span><br><span class="line">[链接文字](链接地址)</span><br><span class="line">[百度](https://www.baidu.com)</span><br></pre></td></tr></table></figure><h4 id="图片"><a href="#图片" class="headerlink" title="图片"></a>图片</h4><figure class="highlight markdown"><table><tr><td class="gutter"><pre><span class="line">1</span><br><span class="line">2</span><br></pre></td><td class="code"><pre><span class="line">![<span class="string">图片描述</span>](<span class="link">图片地址</span>)</span><br><span class="line">![<span class="string">示例图片</span>](<span class="link">https://example.com/image.jpg</span>)</span><br></pre></td></tr></table></figure><h3 id="8-表格"><a href="#8-表格" class="headerlink" title="8. 表格"></a>8. 表格</h3><p>使用 <code>|</code> 来分隔不同的单元格，使用 <code>-</code> 来分隔表头和其他行：</p><figure class="highlight markdown"><table><tr><td class="gutter"><pre><span class="line">1</span><br><span class="line">2</span><br><span class="line">3</span><br><span class="line">4</span><br></pre></td><td class="code"><pre><span class="line">| 表头1 | 表头2 |</span><br><span class="line">|-------|-------|</span><br><span class="line">| 单元格1 | 单元格2 |</span><br><span class="line">| 单元格3 | 单元格4 |</span><br></pre></td></tr></table></figure><h3 id="9-分割线"><a href="#9-分割线" class="headerlink" title="9. 分割线"></a>9. 分割线</h3><p>使用三个或以上的 <code>-</code>、<code>*</code> 或 <code>_</code> 来创建分割线：</p><figure class="highlight markdown"><table><tr><td class="gutter"><pre><span class="line">1</span><br><span class="line">2</span><br><span class="line">3</span><br></pre></td><td class="code"><pre><span class="line">---</span><br><span class="line"><span class="strong">***</span></span><br><span class="line"><span class="strong">__<span class="emphasis">_</span></span></span><br></pre></td></tr></table></figure><h2 id="高级用法"><a href="#高级用法" class="headerlink" title="高级用法"></a>高级用法</h2><h3 id="1-任务列表"><a href="#1-任务列表" class="headerlink" title="1. 任务列表"></a>1. 任务列表</h3><figure class="highlight markdown"><table><tr><td class="gutter"><pre><span class="line">1</span><br><span class="line">2</span><br></pre></td><td class="code"><pre><span class="line"><span class="bullet">-</span> [x] 已完成的任务</span><br><span class="line"><span class="bullet">-</span> [ ] 未完成的任务</span><br></pre></td></tr></table></figure><h3 id="2-脚注"><a href="#2-脚注" class="headerlink" title="2. 脚注"></a>2. 脚注</h3><figure class="highlight markdown"><table><tr><td class="gutter"><pre><span class="line">1</span><br><span class="line">2</span><br><span class="line">3</span><br></pre></td><td class="code"><pre><span class="line">这是一个脚注[^1]</span><br><span class="line"></span><br><span class="line">[<span class="symbol">^1</span>]: <span class="link">这是脚注的内容</span></span><br></pre></td></tr></table></figure><h3 id="3-目录"><a href="#3-目录" class="headerlink" title="3. 目录"></a>3. 目录</h3><p>使用 <code>[TOC]</code> 可以自动生成目录（部分编辑器支持）：</p><figure class="highlight markdown"><table><tr><td class="gutter"><pre><span class="line">1</span><br></pre></td><td class="code"><pre><span class="line">[TOC]</span><br></pre></td></tr></table></figure><h2 id="总结"><a href="#总结" class="headerlink" title="总结"></a>总结</h2><p>Markdown 是一种简单而强大的标记语言，它让写作变得更加简单和高效。通过掌握这些基本语法，你就可以开始使用 Markdown 来编写文档、博客等内容了。</p><p>如果你有任何问题，欢迎在评论区留言讨论！ </p>]]></content>
    
    
      
      
    <summary type="html">&lt;h1 id=&quot;Markdown-使用教程&quot;&gt;&lt;a href=&quot;#Markdown-使用教程&quot; class=&quot;headerlink&quot; title=&quot;Markdown 使用教程&quot;&gt;&lt;/a&gt;Markdown 使用教程&lt;/h1&gt;&lt;p&gt;Markdown 是一种轻量级标记语言，创始人为约翰</summary>
      
    
    
    
    <category term="工具" scheme="https://goofysatoshi.github.io/categories/%E5%B7%A5%E5%85%B7/"/>
    
    <category term="教程" scheme="https://goofysatoshi.github.io/categories/%E5%B7%A5%E5%85%B7/%E6%95%99%E7%A8%8B/"/>
    
    
    <category term="Markdown" scheme="https://goofysatoshi.github.io/tags/Markdown/"/>
    
    <category term="写作" scheme="https://goofysatoshi.github.io/tags/%E5%86%99%E4%BD%9C/"/>
    
    <category term="教程" scheme="https://goofysatoshi.github.io/tags/%E6%95%99%E7%A8%8B/"/>
    
    <category term="工具" scheme="https://goofysatoshi.github.io/tags/%E5%B7%A5%E5%85%B7/"/>
    
  </entry>
  
  <entry>
    <title>Python 基础教程</title>
    <link href="https://goofysatoshi.github.io/2025/05/04/Python-%E5%9F%BA%E7%A1%80%E6%95%99%E7%A8%8B/2025-05-04-Python-%E5%9F%BA%E7%A1%80%E6%95%99%E7%A8%8B/"/>
    <id>https://goofysatoshi.github.io/2025/05/04/Python-%E5%9F%BA%E7%A1%80%E6%95%99%E7%A8%8B/2025-05-04-Python-%E5%9F%BA%E7%A1%80%E6%95%99%E7%A8%8B/</id>
    <published>2025-05-03T19:08:35.000Z</published>
    <updated>2025-05-03T19:20:22.234Z</updated>
    
    <content type="html"><![CDATA[<h1 id="Python-基础教程"><a href="#Python-基础教程" class="headerlink" title="Python 基础教程"></a>Python 基础教程</h1><p>Python 是一种简单易学、功能强大的编程语言。它拥有高效的高级数据结构，并且能够用简单而有效的方式进行面向对象编程。Python 优雅的语法和动态类型，以及解释型语言的本质，使它成为多数平台上写脚本和快速开发应用的理想语言。</p><h2 id="Python-的特点"><a href="#Python-的特点" class="headerlink" title="Python 的特点"></a>Python 的特点</h2><ul><li>简单易学：Python 有相对较少的关键字，结构简单，和一个明确定义的语法，学习起来更加简单。</li><li>免费开源：Python 是 FLOSS（自由&#x2F;开放源码软件）之一。</li><li>可移植性：基于其开放源代码的特性，Python 已经被移植到许多平台上。</li><li>丰富的库：Python 标准库确实很庞大。它可以帮助你处理各种工作，包括正则表达式、文档生成、单元测试、线程、数据库、网页浏览器、CGI、FTP、电子邮件、XML、XML-RPC、HTML、WAV 文件、密码系统、GUI（图形用户界面）、Tk 和其他与系统有关的操作。</li></ul><h2 id="第一个-Python-程序"><a href="#第一个-Python-程序" class="headerlink" title="第一个 Python 程序"></a>第一个 Python 程序</h2><p>让我们从经典的 “Hello, World!” 开始：</p><figure class="highlight python"><table><tr><td class="gutter"><pre><span class="line">1</span><br></pre></td><td class="code"><pre><span class="line"><span class="built_in">print</span>(<span class="string">&quot;Hello, World!&quot;</span>)</span><br></pre></td></tr></table></figure><p>运行这段代码，你会在控制台看到：</p><figure class="highlight plaintext"><table><tr><td class="gutter"><pre><span class="line">1</span><br></pre></td><td class="code"><pre><span class="line">Hello, World!</span><br></pre></td></tr></table></figure><h2 id="Python-基本语法"><a href="#Python-基本语法" class="headerlink" title="Python 基本语法"></a>Python 基本语法</h2><h3 id="变量和数据类型"><a href="#变量和数据类型" class="headerlink" title="变量和数据类型"></a>变量和数据类型</h3><p>Python 中的变量不需要声明。每个变量在使用前都必须赋值，变量赋值以后该变量才会被创建。</p><figure class="highlight python"><table><tr><td class="gutter"><pre><span class="line">1</span><br><span class="line">2</span><br><span class="line">3</span><br><span class="line">4</span><br><span class="line">5</span><br><span class="line">6</span><br><span class="line">7</span><br><span class="line">8</span><br></pre></td><td class="code"><pre><span class="line"><span class="comment"># 整数</span></span><br><span class="line">x = <span class="number">10</span></span><br><span class="line"><span class="comment"># 浮点数</span></span><br><span class="line">y = <span class="number">3.14</span></span><br><span class="line"><span class="comment"># 字符串</span></span><br><span class="line">name = <span class="string">&quot;Python&quot;</span></span><br><span class="line"><span class="comment"># 布尔值</span></span><br><span class="line">is_python = <span class="literal">True</span></span><br></pre></td></tr></table></figure><h3 id="条件语句"><a href="#条件语句" class="headerlink" title="条件语句"></a>条件语句</h3><p>Python 使用缩进来表示代码块，而不是使用大括号。</p><figure class="highlight python"><table><tr><td class="gutter"><pre><span class="line">1</span><br><span class="line">2</span><br><span class="line">3</span><br><span class="line">4</span><br><span class="line">5</span><br><span class="line">6</span><br></pre></td><td class="code"><pre><span class="line"><span class="keyword">if</span> x &gt; <span class="number">0</span>:</span><br><span class="line">    <span class="built_in">print</span>(<span class="string">&quot;x 是正数&quot;</span>)</span><br><span class="line"><span class="keyword">elif</span> x &lt; <span class="number">0</span>:</span><br><span class="line">    <span class="built_in">print</span>(<span class="string">&quot;x 是负数&quot;</span>)</span><br><span class="line"><span class="keyword">else</span>:</span><br><span class="line">    <span class="built_in">print</span>(<span class="string">&quot;x 是零&quot;</span>)</span><br></pre></td></tr></table></figure><h3 id="循环语句"><a href="#循环语句" class="headerlink" title="循环语句"></a>循环语句</h3><p>Python 提供了 for 循环和 while 循环。</p><figure class="highlight python"><table><tr><td class="gutter"><pre><span class="line">1</span><br><span class="line">2</span><br><span class="line">3</span><br><span class="line">4</span><br><span class="line">5</span><br><span class="line">6</span><br><span class="line">7</span><br><span class="line">8</span><br><span class="line">9</span><br></pre></td><td class="code"><pre><span class="line"><span class="comment"># for 循环</span></span><br><span class="line"><span class="keyword">for</span> i <span class="keyword">in</span> <span class="built_in">range</span>(<span class="number">5</span>):</span><br><span class="line">    <span class="built_in">print</span>(i)</span><br><span class="line"></span><br><span class="line"><span class="comment"># while 循环</span></span><br><span class="line">count = <span class="number">0</span></span><br><span class="line"><span class="keyword">while</span> count &lt; <span class="number">5</span>:</span><br><span class="line">    <span class="built_in">print</span>(count)</span><br><span class="line">    count += <span class="number">1</span></span><br></pre></td></tr></table></figure><h2 id="总结"><a href="#总结" class="headerlink" title="总结"></a>总结</h2><p>Python 是一个功能强大且易于学习的编程语言，适合初学者和专业开发者。它的简洁语法和丰富的库使得开发过程更加高效和愉快。</p><p>希望这篇教程能帮助你开始 Python 编程之旅！如果你有任何问题，欢迎在评论区留言。</p>]]></content>
    
    
      
      
    <summary type="html">&lt;h1 id=&quot;Python-基础教程&quot;&gt;&lt;a href=&quot;#Python-基础教程&quot; class=&quot;headerlink&quot; title=&quot;Python 基础教程&quot;&gt;&lt;/a&gt;Python 基础教程&lt;/h1&gt;&lt;p&gt;Python 是一种简单易学、功能强大的编程语言。它拥有高效的高级数</summary>
      
    
    
    
    <category term="编程" scheme="https://goofysatoshi.github.io/categories/%E7%BC%96%E7%A8%8B/"/>
    
    <category term="教程" scheme="https://goofysatoshi.github.io/categories/%E7%BC%96%E7%A8%8B/%E6%95%99%E7%A8%8B/"/>
    
    
    <category term="教程" scheme="https://goofysatoshi.github.io/tags/%E6%95%99%E7%A8%8B/"/>
    
    <category term="Python" scheme="https://goofysatoshi.github.io/tags/python/"/>
    
    <category term="编程入门" scheme="https://goofysatoshi.github.io/tags/%E7%BC%96%E7%A8%8B%E5%85%A5%E9%97%A8/"/>
    
    <category term="编程" scheme="https://goofysatoshi.github.io/tags/%E7%BC%96%E7%A8%8B/"/>
    
  </entry>
  
  <entry>
    <title>Hello World</title>
    <link href="https://goofysatoshi.github.io/2025/05/04/hello-world/"/>
    <id>https://goofysatoshi.github.io/2025/05/04/hello-world/</id>
    <published>2025-05-03T18:22:05.987Z</published>
    <updated>2025-05-03T18:21:39.832Z</updated>
    
    <content type="html"><![CDATA[<p>Welcome to <a href="https://hexo.io/">Hexo</a>! This is your very first post. Check <a href="https://hexo.io/docs/">documentation</a> for more info. If you get any problems when using Hexo, you can find the answer in <a href="https://hexo.io/docs/troubleshooting.html">troubleshooting</a> or you can ask me on <a href="https://github.com/hexojs/hexo/issues">GitHub</a>.</p><h2 id="Quick-Start"><a href="#Quick-Start" class="headerlink" title="Quick Start"></a>Quick Start</h2><h3 id="Create-a-new-post"><a href="#Create-a-new-post" class="headerlink" title="Create a new post"></a>Create a new post</h3><figure class="highlight bash"><table><tr><td class="gutter"><pre><span class="line">1</span><br></pre></td><td class="code"><pre><span class="line">$ hexo new <span class="string">&quot;My New Post&quot;</span></span><br></pre></td></tr></table></figure><p>More info: <a href="https://hexo.io/docs/writing.html">Writing</a></p><h3 id="Run-server"><a href="#Run-server" class="headerlink" title="Run server"></a>Run server</h3><figure class="highlight bash"><table><tr><td class="gutter"><pre><span class="line">1</span><br></pre></td><td class="code"><pre><span class="line">$ hexo server</span><br></pre></td></tr></table></figure><p>More info: <a href="https://hexo.io/docs/server.html">Server</a></p><h3 id="Generate-static-files"><a href="#Generate-static-files" class="headerlink" title="Generate static files"></a>Generate static files</h3><figure class="highlight bash"><table><tr><td class="gutter"><pre><span class="line">1</span><br></pre></td><td class="code"><pre><span class="line">$ hexo generate</span><br></pre></td></tr></table></figure><p>More info: <a href="https://hexo.io/docs/generating.html">Generating</a></p><h3 id="Deploy-to-remote-sites"><a href="#Deploy-to-remote-sites" class="headerlink" title="Deploy to remote sites"></a>Deploy to remote sites</h3><figure class="highlight bash"><table><tr><td class="gutter"><pre><span class="line">1</span><br></pre></td><td class="code"><pre><span class="line">$ hexo deploy</span><br></pre></td></tr></table></figure><p>More info: <a href="https://hexo.io/docs/one-command-deployment.html">Deployment</a></p>]]></content>
    
    
      
      
    <summary type="html">&lt;p&gt;Welcome to &lt;a href=&quot;https://hexo.io/&quot;&gt;Hexo&lt;/a&gt;! This is your very first post. Check &lt;a href=&quot;https://hexo.io/docs/&quot;&gt;documentation&lt;/a&gt; for</summary>
      
    
    
    
    
  </entry>
  
  <entry>
    <title>周末摄影之旅：寻找城市之美</title>
    <link href="https://goofysatoshi.github.io/2024/05/04/life-weekend-photography-trip/"/>
    <id>https://goofysatoshi.github.io/2024/05/04/life-weekend-photography-trip/</id>
    <published>2024-05-04T08:30:00.000Z</published>
    <updated>2025-05-03T18:40:12.694Z</updated>
    
    <content type="html"><![CDATA[<h1 id="周末摄影之旅：寻找城市之美"><a href="#周末摄影之旅：寻找城市之美" class="headerlink" title="周末摄影之旅：寻找城市之美"></a>周末摄影之旅：寻找城市之美</h1><p>这个周末，我带着相机走遍城市的角落，捕捉那些容易被忽视的美好瞬间。</p><h2 id="清晨的街道"><a href="#清晨的街道" class="headerlink" title="清晨的街道"></a>清晨的街道</h2><p><em>早晨6点的街道，阳光斜射在建筑物上，形成独特的光影效果</em></p><h2 id="城市建筑"><a href="#城市建筑" class="headerlink" title="城市建筑"></a>城市建筑</h2><h3 id="现代建筑"><a href="#现代建筑" class="headerlink" title="现代建筑"></a>现代建筑</h3><p><em>玻璃幕墙映射着天空的颜色，仿佛一面巨大的镜子</em></p><h3 id="老街区"><a href="#老街区" class="headerlink" title="老街区"></a>老街区</h3><p><em>保留着历史痕迹的老街区，每一面墙都在诉说着故事</em></p><h2 id="街头生活"><a href="#街头生活" class="headerlink" title="街头生活"></a>街头生活</h2><p><em>街边小店的烟火气息，是城市最真实的一面</em></p><h2 id="视频分享"><a href="#视频分享" class="headerlink" title="视频分享"></a>视频分享</h2><div class="video-container">https://youtu.be/your-video-id  </div><p><em>城市延时摄影，记录24小时的城市变迁</em></p><h2 id="拍摄技巧分享"><a href="#拍摄技巧分享" class="headerlink" title="拍摄技巧分享"></a>拍摄技巧分享</h2><ol><li>黄金时段的利用</li><li>构图要点</li><li>相机参数设置<ul><li>光圈：f&#x2F;8</li><li>快门：1&#x2F;125s</li><li>ISO：100</li></ul></li></ol><h2 id="后期处理"><a href="#后期处理" class="headerlink" title="后期处理"></a>后期处理</h2><p>使用Lightroom进行后期调整：</p><ul><li>提亮阴影</li><li>调整色温</li><li>局部锐化</li></ul><span id="more"></span><h2 id="器材分享"><a href="#器材分享" class="headerlink" title="器材分享"></a>器材分享</h2><ul><li>相机：Sony A7III</li><li>镜头：<ul><li>24-70mm f&#x2F;2.8</li><li>50mm f&#x2F;1.8</li></ul></li><li>三脚架：Manfrotto</li></ul><h2 id="拍摄心得"><a href="#拍摄心得" class="headerlink" title="拍摄心得"></a>拍摄心得</h2><p>在城市摄影中，最重要的不是器材，而是发现美的眼睛…</p><hr><p>欢迎关注我的摄影账号：</p><ul><li>Instagram: @your_photo_account</li><li>500px: @your_500px_account</li></ul>]]></content>
    
    
    <summary type="html">&lt;h1 id=&quot;周末摄影之旅：寻找城市之美&quot;&gt;&lt;a href=&quot;#周末摄影之旅：寻找城市之美&quot; class=&quot;headerlink&quot; title=&quot;周末摄影之旅：寻找城市之美&quot;&gt;&lt;/a&gt;周末摄影之旅：寻找城市之美&lt;/h1&gt;&lt;p&gt;这个周末，我带着相机走遍城市的角落，捕捉那些容易被忽视的美好瞬间。&lt;/p&gt;
&lt;h2 id=&quot;清晨的街道&quot;&gt;&lt;a href=&quot;#清晨的街道&quot; class=&quot;headerlink&quot; title=&quot;清晨的街道&quot;&gt;&lt;/a&gt;清晨的街道&lt;/h2&gt;
&lt;p&gt;&lt;em&gt;早晨6点的街道，阳光斜射在建筑物上，形成独特的光影效果&lt;/em&gt;&lt;/p&gt;
&lt;h2 id=&quot;城市建筑&quot;&gt;&lt;a href=&quot;#城市建筑&quot; class=&quot;headerlink&quot; title=&quot;城市建筑&quot;&gt;&lt;/a&gt;城市建筑&lt;/h2&gt;&lt;h3 id=&quot;现代建筑&quot;&gt;&lt;a href=&quot;#现代建筑&quot; class=&quot;headerlink&quot; title=&quot;现代建筑&quot;&gt;&lt;/a&gt;现代建筑&lt;/h3&gt;
&lt;p&gt;&lt;em&gt;玻璃幕墙映射着天空的颜色，仿佛一面巨大的镜子&lt;/em&gt;&lt;/p&gt;
&lt;h3 id=&quot;老街区&quot;&gt;&lt;a href=&quot;#老街区&quot; class=&quot;headerlink&quot; title=&quot;老街区&quot;&gt;&lt;/a&gt;老街区&lt;/h3&gt;
&lt;p&gt;&lt;em&gt;保留着历史痕迹的老街区，每一面墙都在诉说着故事&lt;/em&gt;&lt;/p&gt;
&lt;h2 id=&quot;街头生活&quot;&gt;&lt;a href=&quot;#街头生活&quot; class=&quot;headerlink&quot; title=&quot;街头生活&quot;&gt;&lt;/a&gt;街头生活&lt;/h2&gt;
&lt;p&gt;&lt;em&gt;街边小店的烟火气息，是城市最真实的一面&lt;/em&gt;&lt;/p&gt;
&lt;h2 id=&quot;视频分享&quot;&gt;&lt;a href=&quot;#视频分享&quot; class=&quot;headerlink&quot; title=&quot;视频分享&quot;&gt;&lt;/a&gt;视频分享&lt;/h2&gt;&lt;div class=&quot;video-container&quot;&gt;https://youtu.be/your-video-id  &lt;/div&gt;
&lt;p&gt;&lt;em&gt;城市延时摄影，记录24小时的城市变迁&lt;/em&gt;&lt;/p&gt;
&lt;h2 id=&quot;拍摄技巧分享&quot;&gt;&lt;a href=&quot;#拍摄技巧分享&quot; class=&quot;headerlink&quot; title=&quot;拍摄技巧分享&quot;&gt;&lt;/a&gt;拍摄技巧分享&lt;/h2&gt;&lt;ol&gt;
&lt;li&gt;黄金时段的利用&lt;/li&gt;
&lt;li&gt;构图要点&lt;/li&gt;
&lt;li&gt;相机参数设置&lt;ul&gt;
&lt;li&gt;光圈：f&amp;#x2F;8&lt;/li&gt;
&lt;li&gt;快门：1&amp;#x2F;125s&lt;/li&gt;
&lt;li&gt;ISO：100&lt;/li&gt;
&lt;/ul&gt;
&lt;/li&gt;
&lt;/ol&gt;
&lt;h2 id=&quot;后期处理&quot;&gt;&lt;a href=&quot;#后期处理&quot; class=&quot;headerlink&quot; title=&quot;后期处理&quot;&gt;&lt;/a&gt;后期处理&lt;/h2&gt;&lt;p&gt;使用Lightroom进行后期调整：&lt;/p&gt;
&lt;ul&gt;
&lt;li&gt;提亮阴影&lt;/li&gt;
&lt;li&gt;调整色温&lt;/li&gt;
&lt;li&gt;局部锐化&lt;/li&gt;
&lt;/ul&gt;</summary>
    
    
    
    <category term="生活" scheme="https://goofysatoshi.github.io/categories/life/"/>
    
    <category term="摄影" scheme="https://goofysatoshi.github.io/categories/life/photography/"/>
    
    
    <category term="摄影" scheme="https://goofysatoshi.github.io/tags/%E6%91%84%E5%BD%B1/"/>
    
    <category term="城市风光" scheme="https://goofysatoshi.github.io/tags/%E5%9F%8E%E5%B8%82%E9%A3%8E%E5%85%89/"/>
    
    <category term="旅行" scheme="https://goofysatoshi.github.io/tags/travel/"/>
    
  </entry>
  
  <entry>
    <title>《深度工作》读书笔记</title>
    <link href="https://goofysatoshi.github.io/2024/05/04/reading-deep-work-notes/2025-05-04-reading-deep-work-notes/"/>
    <id>https://goofysatoshi.github.io/2024/05/04/reading-deep-work-notes/2025-05-04-reading-deep-work-notes/</id>
    <published>2024-05-04T08:00:00.000Z</published>
    <updated>2025-05-03T18:25:18.350Z</updated>
    
    <content type="html"><![CDATA[<h1 id="《深度工作》读书笔记"><a href="#《深度工作》读书笔记" class="headerlink" title="《深度工作》读书笔记"></a>《深度工作》读书笔记</h1><blockquote><p>作者：Cal Newport<br>出版年份：2016<br>推荐指数：⭐⭐⭐⭐⭐</p></blockquote><h2 id="核心观点"><a href="#核心观点" class="headerlink" title="核心观点"></a>核心观点</h2><p>深度工作是指在无干扰的状态下专注进行职业活动的能力，能够创造新价值，提升技能，而且难以复制。</p><h2 id="重要概念"><a href="#重要概念" class="headerlink" title="重要概念"></a>重要概念</h2><ol><li>深度工作 vs 浅度工作</li><li>注意力残留</li><li>心流状态</li></ol><h2 id="实践建议"><a href="#实践建议" class="headerlink" title="实践建议"></a>实践建议</h2><h3 id="1-培养深度工作习惯"><a href="#1-培养深度工作习惯" class="headerlink" title="1. 培养深度工作习惯"></a>1. 培养深度工作习惯</h3><ul><li>固定时间段</li><li>远离干扰源</li><li>创造仪式感</li></ul><h3 id="2-管理精力而非时间"><a href="#2-管理精力而非时间" class="headerlink" title="2. 管理精力而非时间"></a>2. 管理精力而非时间</h3><ul><li>识别最佳工作时段</li><li>合理安排休息</li><li>保持规律作息</li></ul><h2 id="读后感"><a href="#读后感" class="headerlink" title="读后感"></a>读后感</h2><p>这本书改变了我对工作方式的认知…</p><span id="more"></span><h2 id="行动清单"><a href="#行动清单" class="headerlink" title="行动清单"></a>行动清单</h2><ul><li><input disabled type="checkbox"> 制定每日深度工作时间表</li><li><input disabled type="checkbox"> 创建专注工作环境</li><li><input disabled type="checkbox"> 培养深度工作习惯</li></ul><h2 id="金句摘录"><a href="#金句摘录" class="headerlink" title="金句摘录"></a>金句摘录</h2><blockquote><p>“Professional activities performed in a state of distraction-free concentration that push your cognitive capabilities to their limit.”</p></blockquote><hr><p>推荐阅读：</p><ul><li>《原子习惯》</li><li>《刻意练习》</li></ul>]]></content>
    
    
    <summary type="html">&lt;h1 id=&quot;《深度工作》读书笔记&quot;&gt;&lt;a href=&quot;#《深度工作》读书笔记&quot; class=&quot;headerlink&quot; title=&quot;《深度工作》读书笔记&quot;&gt;&lt;/a&gt;《深度工作》读书笔记&lt;/h1&gt;&lt;blockquote&gt;
&lt;p&gt;作者：Cal Newport&lt;br&gt;出版年份：2016&lt;br&gt;推荐指数：⭐⭐⭐⭐⭐&lt;/p&gt;
&lt;/blockquote&gt;
&lt;h2 id=&quot;核心观点&quot;&gt;&lt;a href=&quot;#核心观点&quot; class=&quot;headerlink&quot; title=&quot;核心观点&quot;&gt;&lt;/a&gt;核心观点&lt;/h2&gt;&lt;p&gt;深度工作是指在无干扰的状态下专注进行职业活动的能力，能够创造新价值，提升技能，而且难以复制。&lt;/p&gt;
&lt;h2 id=&quot;重要概念&quot;&gt;&lt;a href=&quot;#重要概念&quot; class=&quot;headerlink&quot; title=&quot;重要概念&quot;&gt;&lt;/a&gt;重要概念&lt;/h2&gt;&lt;ol&gt;
&lt;li&gt;深度工作 vs 浅度工作&lt;/li&gt;
&lt;li&gt;注意力残留&lt;/li&gt;
&lt;li&gt;心流状态&lt;/li&gt;
&lt;/ol&gt;
&lt;h2 id=&quot;实践建议&quot;&gt;&lt;a href=&quot;#实践建议&quot; class=&quot;headerlink&quot; title=&quot;实践建议&quot;&gt;&lt;/a&gt;实践建议&lt;/h2&gt;&lt;h3 id=&quot;1-培养深度工作习惯&quot;&gt;&lt;a href=&quot;#1-培养深度工作习惯&quot; class=&quot;headerlink&quot; title=&quot;1. 培养深度工作习惯&quot;&gt;&lt;/a&gt;1. 培养深度工作习惯&lt;/h3&gt;&lt;ul&gt;
&lt;li&gt;固定时间段&lt;/li&gt;
&lt;li&gt;远离干扰源&lt;/li&gt;
&lt;li&gt;创造仪式感&lt;/li&gt;
&lt;/ul&gt;
&lt;h3 id=&quot;2-管理精力而非时间&quot;&gt;&lt;a href=&quot;#2-管理精力而非时间&quot; class=&quot;headerlink&quot; title=&quot;2. 管理精力而非时间&quot;&gt;&lt;/a&gt;2. 管理精力而非时间&lt;/h3&gt;&lt;ul&gt;
&lt;li&gt;识别最佳工作时段&lt;/li&gt;
&lt;li&gt;合理安排休息&lt;/li&gt;
&lt;li&gt;保持规律作息&lt;/li&gt;
&lt;/ul&gt;
&lt;h2 id=&quot;读后感&quot;&gt;&lt;a href=&quot;#读后感&quot; class=&quot;headerlink&quot; title=&quot;读后感&quot;&gt;&lt;/a&gt;读后感&lt;/h2&gt;&lt;p&gt;这本书改变了我对工作方式的认知…&lt;/p&gt;</summary>
    
    
    
    <category term="读书" scheme="https://goofysatoshi.github.io/categories/reading/"/>
    
    
    <category term="效率" scheme="https://goofysatoshi.github.io/tags/%E6%95%88%E7%8E%87/"/>
    
    <category term="自我提升" scheme="https://goofysatoshi.github.io/tags/%E8%87%AA%E6%88%91%E6%8F%90%E5%8D%87/"/>
    
    <category term="时间管理" scheme="https://goofysatoshi.github.io/tags/%E6%97%B6%E9%97%B4%E7%AE%A1%E7%90%86/"/>
    
  </entry>
  
  <entry>
    <title>Python入门指南</title>
    <link href="https://goofysatoshi.github.io/2024/05/04/tech-getting-started-with-python/2025-05-04-tech-getting-started-with-python/"/>
    <id>https://goofysatoshi.github.io/2024/05/04/tech-getting-started-with-python/2025-05-04-tech-getting-started-with-python/</id>
    <published>2024-05-04T07:30:00.000Z</published>
    <updated>2025-05-03T18:24:58.631Z</updated>
    
    <content type="html"><![CDATA[<h1 id="Python入门指南"><a href="#Python入门指南" class="headerlink" title="Python入门指南"></a>Python入门指南</h1><p>Python是一门优雅、简单且功能强大的编程语言。本文将带你了解Python的基础知识。</p><h2 id="为什么选择Python？"><a href="#为什么选择Python？" class="headerlink" title="为什么选择Python？"></a>为什么选择Python？</h2><ul><li>简单易学</li><li>可读性强</li><li>广泛应用</li><li>丰富的生态系统</li></ul><h2 id="开发环境搭建"><a href="#开发环境搭建" class="headerlink" title="开发环境搭建"></a>开发环境搭建</h2><ol><li>下载Python</li><li>安装IDE</li><li>配置环境变量</li></ol><h2 id="基础语法"><a href="#基础语法" class="headerlink" title="基础语法"></a>基础语法</h2><figure class="highlight python"><table><tr><td class="gutter"><pre><span class="line">1</span><br><span class="line">2</span><br><span class="line">3</span><br><span class="line">4</span><br><span class="line">5</span><br><span class="line">6</span><br><span class="line">7</span><br><span class="line">8</span><br><span class="line">9</span><br><span class="line">10</span><br></pre></td><td class="code"><pre><span class="line"><span class="comment"># 这是一个简单的Python程序</span></span><br><span class="line"><span class="built_in">print</span>(<span class="string">&quot;Hello, World!&quot;</span>)</span><br><span class="line"></span><br><span class="line"><span class="comment"># 变量定义</span></span><br><span class="line">name = <span class="string">&quot;Python&quot;</span></span><br><span class="line">version = <span class="number">3.9</span></span><br><span class="line"></span><br><span class="line"><span class="comment"># 条件语句</span></span><br><span class="line"><span class="keyword">if</span> version &gt;= <span class="number">3.6</span>:</span><br><span class="line">    <span class="built_in">print</span>(<span class="string">f&quot;You are using Python <span class="subst">&#123;version&#125;</span>&quot;</span>)</span><br></pre></td></tr></table></figure><h2 id="下一步学习建议"><a href="#下一步学习建议" class="headerlink" title="下一步学习建议"></a>下一步学习建议</h2><ol><li>掌握基础语法</li><li>学习数据结构</li><li>了解面向对象编程</li><li>实践小项目</li></ol><span id="more"></span><h2 id="进阶内容"><a href="#进阶内容" class="headerlink" title="进阶内容"></a>进阶内容</h2><p>更多内容请关注后续更新…</p><hr><p>相关阅读：</p><ul><li><a href="https://docs.python.org/">Python官方文档</a></li><li><a href="https://docs.python-guide.org/">Python最佳实践指南</a></li></ul>]]></content>
    
    
    <summary type="html">&lt;h1 id=&quot;Python入门指南&quot;&gt;&lt;a href=&quot;#Python入门指南&quot; class=&quot;headerlink&quot; title=&quot;Python入门指南&quot;&gt;&lt;/a&gt;Python入门指南&lt;/h1&gt;&lt;p&gt;Python是一门优雅、简单且功能强大的编程语言。本文将带你了解Python的基础知识。&lt;/p&gt;
&lt;h2 id=&quot;为什么选择Python？&quot;&gt;&lt;a href=&quot;#为什么选择Python？&quot; class=&quot;headerlink&quot; title=&quot;为什么选择Python？&quot;&gt;&lt;/a&gt;为什么选择Python？&lt;/h2&gt;&lt;ul&gt;
&lt;li&gt;简单易学&lt;/li&gt;
&lt;li&gt;可读性强&lt;/li&gt;
&lt;li&gt;广泛应用&lt;/li&gt;
&lt;li&gt;丰富的生态系统&lt;/li&gt;
&lt;/ul&gt;
&lt;h2 id=&quot;开发环境搭建&quot;&gt;&lt;a href=&quot;#开发环境搭建&quot; class=&quot;headerlink&quot; title=&quot;开发环境搭建&quot;&gt;&lt;/a&gt;开发环境搭建&lt;/h2&gt;&lt;ol&gt;
&lt;li&gt;下载Python&lt;/li&gt;
&lt;li&gt;安装IDE&lt;/li&gt;
&lt;li&gt;配置环境变量&lt;/li&gt;
&lt;/ol&gt;
&lt;h2 id=&quot;基础语法&quot;&gt;&lt;a href=&quot;#基础语法&quot; class=&quot;headerlink&quot; title=&quot;基础语法&quot;&gt;&lt;/a&gt;基础语法&lt;/h2&gt;&lt;figure class=&quot;highlight python&quot;&gt;&lt;table&gt;&lt;tr&gt;&lt;td class=&quot;gutter&quot;&gt;&lt;pre&gt;&lt;span class=&quot;line&quot;&gt;1&lt;/span&gt;&lt;br&gt;&lt;span class=&quot;line&quot;&gt;2&lt;/span&gt;&lt;br&gt;&lt;span class=&quot;line&quot;&gt;3&lt;/span&gt;&lt;br&gt;&lt;span class=&quot;line&quot;&gt;4&lt;/span&gt;&lt;br&gt;&lt;span class=&quot;line&quot;&gt;5&lt;/span&gt;&lt;br&gt;&lt;span class=&quot;line&quot;&gt;6&lt;/span&gt;&lt;br&gt;&lt;span class=&quot;line&quot;&gt;7&lt;/span&gt;&lt;br&gt;&lt;span class=&quot;line&quot;&gt;8&lt;/span&gt;&lt;br&gt;&lt;span class=&quot;line&quot;&gt;9&lt;/span&gt;&lt;br&gt;&lt;span class=&quot;line&quot;&gt;10&lt;/span&gt;&lt;br&gt;&lt;/pre&gt;&lt;/td&gt;&lt;td class=&quot;code&quot;&gt;&lt;pre&gt;&lt;span class=&quot;line&quot;&gt;&lt;span class=&quot;comment&quot;&gt;# 这是一个简单的Python程序&lt;/span&gt;&lt;/span&gt;&lt;br&gt;&lt;span class=&quot;line&quot;&gt;&lt;span class=&quot;built_in&quot;&gt;print&lt;/span&gt;(&lt;span class=&quot;string&quot;&gt;&amp;quot;Hello, World!&amp;quot;&lt;/span&gt;)&lt;/span&gt;&lt;br&gt;&lt;span class=&quot;line&quot;&gt;&lt;/span&gt;&lt;br&gt;&lt;span class=&quot;line&quot;&gt;&lt;span class=&quot;comment&quot;&gt;# 变量定义&lt;/span&gt;&lt;/span&gt;&lt;br&gt;&lt;span class=&quot;line&quot;&gt;name = &lt;span class=&quot;string&quot;&gt;&amp;quot;Python&amp;quot;&lt;/span&gt;&lt;/span&gt;&lt;br&gt;&lt;span class=&quot;line&quot;&gt;version = &lt;span class=&quot;number&quot;&gt;3.9&lt;/span&gt;&lt;/span&gt;&lt;br&gt;&lt;span class=&quot;line&quot;&gt;&lt;/span&gt;&lt;br&gt;&lt;span class=&quot;line&quot;&gt;&lt;span class=&quot;comment&quot;&gt;# 条件语句&lt;/span&gt;&lt;/span&gt;&lt;br&gt;&lt;span class=&quot;line&quot;&gt;&lt;span class=&quot;keyword&quot;&gt;if&lt;/span&gt; version &amp;gt;= &lt;span class=&quot;number&quot;&gt;3.6&lt;/span&gt;:&lt;/span&gt;&lt;br&gt;&lt;span class=&quot;line&quot;&gt;    &lt;span class=&quot;built_in&quot;&gt;print&lt;/span&gt;(&lt;span class=&quot;string&quot;&gt;f&amp;quot;You are using Python &lt;span class=&quot;subst&quot;&gt;&amp;#123;version&amp;#125;&lt;/span&gt;&amp;quot;&lt;/span&gt;)&lt;/span&gt;&lt;br&gt;&lt;/pre&gt;&lt;/td&gt;&lt;/tr&gt;&lt;/table&gt;&lt;/figure&gt;

&lt;h2 id=&quot;下一步学习建议&quot;&gt;&lt;a href=&quot;#下一步学习建议&quot; class=&quot;headerlink&quot; title=&quot;下一步学习建议&quot;&gt;&lt;/a&gt;下一步学习建议&lt;/h2&gt;&lt;ol&gt;
&lt;li&gt;掌握基础语法&lt;/li&gt;
&lt;li&gt;学习数据结构&lt;/li&gt;
&lt;li&gt;了解面向对象编程&lt;/li&gt;
&lt;li&gt;实践小项目&lt;/li&gt;
&lt;/ol&gt;</summary>
    
    
    
    <category term="技术" scheme="https://goofysatoshi.github.io/categories/tech/"/>
    
    
    <category term="Python" scheme="https://goofysatoshi.github.io/tags/python/"/>
    
    <category term="编程入门" scheme="https://goofysatoshi.github.io/tags/%E7%BC%96%E7%A8%8B%E5%85%A5%E9%97%A8/"/>
    
  </entry>
  
  <entry>
    <title>周末摄影之旅</title>
    <link href="https://goofysatoshi.github.io/2024/05/04/life-weekend-photography-trip/"/>
    <id>https://goofysatoshi.github.io/2024/05/04/life-weekend-photography-trip/</id>
    <published>2024-05-03T18:47:01.000Z</published>
    <updated>2025-05-03T19:46:12.674Z</updated>
    
    
    
    
    <category term="生活" scheme="https://goofysatoshi.github.io/categories/life/"/>
    
    <category term="摄影" scheme="https://goofysatoshi.github.io/categories/life/photography/"/>
    
    
    <category term="摄影" scheme="https://goofysatoshi.github.io/tags/%E6%91%84%E5%BD%B1/"/>
    
    <category term="城市风光" scheme="https://goofysatoshi.github.io/tags/%E5%9F%8E%E5%B8%82%E9%A3%8E%E5%85%89/"/>
    
    <category term="travel" scheme="https://goofysatoshi.github.io/tags/travel/"/>
    
  </entry>
  
</feed>
